Title,Title_URL,ciconvisit_text,Avg_price,listrst_areagenre,Keyword,crating_val,listrst_rvwcounttarget_URL,Number,Avg_price1,Info,Info2,Comment_URL,Comment,Author,Author_URL,Author3
La RINA,https://tabelog.com/ishikawa/A1701/A170101/17014968/,行った,保存," 金沢市 / イタリアン、パスタ、カフェ・喫茶店(カフェ)
            ",カフェ・喫茶店,3.21,https://tabelog.com/ishikawa/A1701/A170101/17014968/dtlrvwlst/,32,1197人,"￥6,000～￥7,999","￥2,000～￥2,999",https://tabelog.com/ishikawa/A1701/A170101/17014968/dtlrvwlst/B515505602/,金沢でお洒落で美味い店,"金沢 でお洒落ランチコース @la_rina_kanazawa 
              
              ▶︎▶︎キッカケ
              ・...",https://tabelog.com/rvwr/011737676/,人事のりさちゃん(215)
INFO,https://tabelog.com/ishikawa/A1701/A170101/17015806/,行った,保存," 金沢市 / カフェ・喫茶店(カフェ)
            ",カフェ・喫茶店,3.02,https://tabelog.com/ishikawa/A1701/A170101/17015806/dtlrvwlst/,4,93人,"￥1,000～￥1,999","￥1,000～￥1,999",https://tabelog.com/ishikawa/A1701/A170101/17015806/dtlrvwlst/B526306510/,金沢市尾張町にオープンした、蔵を改装したカフェ　主計町、ひがし茶屋街そば,"金沢市尾張町に新しいカフェが
              2026年4月17日オープンしました。
              INFOさんです。
...",https://tabelog.com/rvwr/000134259/,大トロ（よっしー）(3720)
イタリアンレストラン&バー 17CLUB アパホテル金沢駅前,https://tabelog.com/ishikawa/A1701/A170101/17000404/,行った,保存," 金沢市 / イタリアン、カフェ・喫茶店(カフェ)、バー
            ",カフェ・喫茶店,3.08,https://tabelog.com/ishikawa/A1701/A170101/17000404/dtlrvwlst/,12,461人,"￥3,000～￥3,999",-,https://tabelog.com/ishikawa/A1701/A170101/17000404/dtlrvwlst/B526010220/,空間は上質、内容はあと一歩。使い方を選びたい一軒,"【一言まとめ】雰囲気は良いが、価格とのバランスにやや中途半端さ。個室利用ならアリ。
              
              【訪...",https://tabelog.com/rvwr/000105419/,miya33(262)
Coil,https://tabelog.com/ishikawa/A1701/A170101/17011442/,行った,保存," 金沢市 / 寿司、天ぷら、カフェ・喫茶店(カフェ)
            ",カフェ・喫茶店,3.40,https://tabelog.com/ishikawa/A1701/A170101/17011442/dtlrvwlst/,237,11815人,"￥4,000～￥4,999","￥4,000～￥4,999",https://tabelog.com/ishikawa/A1701/A170101/17011442/dtlrvwlst/B504458328/,体験型レストラン,"金沢の隠れ家レストラン「COIL」で、オリジナル手巻き寿司体験を楽しんできました
              
              自分の...",https://tabelog.com/rvwr/009640168/,たーくん けいじ けいと(205)
茶房 やなぎ庵,https://tabelog.com/ishikawa/A1701/A170101/17009440/,行った,保存," 金沢市 / カフェ・喫茶店(喫茶店)、カフェ・喫茶店(カフェ)
            ",カフェ・喫茶店,3.46,https://tabelog.com/ishikawa/A1701/A170101/17009440/dtlrvwlst/,132,4441人,-,"￥1,000～￥1,999",https://tabelog.com/ishikawa/A1701/A170101/17009440/dtlrvwlst/B512926127/,初めての金沢！最初に訪れたのは名店、やなぎ庵です。,"はい、前回の投稿の続きですが、今回訪れたところ、それは、金沢でした。
              
              僕らふたりとも、一...",https://tabelog.com/rvwr/004258278/,横浜のレオナルド(489)
懐古洞さかえ,https://tabelog.com/ishikawa/A1701/A170101/17006218/,行った,保存," 金沢市 / カフェ・喫茶店(喫茶店)
            ",カフェ・喫茶店,3.08,https://tabelog.com/ishikawa/A1701/A170101/17006218/dtlrvwlst/,13,264人,-,～￥999,https://tabelog.com/ishikawa/A1701/A170101/17006218/dtlrvwlst/B528884265/,個性溢れるレトロ喫茶,"
              尾山神社のすぐ近くにある個性的なコーヒー屋。
              
              店内は古美術品が沢山置かれていてレトロ...",https://tabelog.com/rvwr/011585623/,美食家 K(3585)
ロマ キッチン&バー,https://tabelog.com/ishikawa/A1701/A170101/17012891/,行った,保存," 金沢市 / カフェ・喫茶店(カフェ)、スイーツ、バー
            ",カフェ・喫茶店,3.08,https://tabelog.com/ishikawa/A1701/A170101/17012891/dtlrvwlst/,10,171人,～￥999,-,,,竪町にあるバーにランチタイムギリギリにお邪魔しました。カウンターとテーブル席が数席あるお洒落な...,https://tabelog.com/rvwr/026698604/,katsu70205(154)
豆の樹,https://tabelog.com/ishikawa/A1701/A170101/17007234/,行った,保存," 金沢市 / カフェ・喫茶店(カフェ)
            ",カフェ・喫茶店,3.11,https://tabelog.com/ishikawa/A1701/A170101/17007234/dtlrvwlst/,14,338人,-,～￥999,https://tabelog.com/ishikawa/A1701/A170101/17007234/dtlrvwlst/B479023632/,グァテマラ・サンセバスチャンをいただきました,"グァテマラ・サンセバスチャンをいただきました。
              最近の休日の過ごし方、お隣のコインランドリー...",https://tabelog.com/rvwr/sakana770/,sakana770(966)
金澤屋珈琲 本店,https://tabelog.com/ishikawa/A1701/A170101/17007579/,行った,保存," 金沢市 / カフェ・喫茶店(カフェ)
            ",カフェ・喫茶店,3.48,https://tabelog.com/ishikawa/A1701/A170101/17007579/dtlrvwlst/,181,5916人,-,～￥999,https://tabelog.com/ishikawa/A1701/A170101/17007579/dtlrvwlst/B515936619/,今年飲んだアイスコーヒーで1番美味しかった,"コーヒーは好きでよく飲むわけではあるが
              この日は10月にしてなかなか暑かったからという理由だ...",https://tabelog.com/rvwr/006456702/,つばくろー2896(238)
仏蘭西菓子 ボン・ジュルネ あん,https://tabelog.com/ishikawa/A1701/A170101/17014047/,行った,保存," 金沢市 / 洋菓子、カフェ・喫茶店(カフェ)
            ",カフェ・喫茶店,3.12,https://tabelog.com/ishikawa/A1701/A170101/17014047/dtlrvwlst/,18,344人,-,"￥1,000～￥1,999",,,"隠れ家的な良いCafeでした
              スイーツも上品で和テイスト
              ほうじ茶も香り高く美味しかったで...",https://tabelog.com/rvwr/025234668/,Ryo0816(6)
喫茶とらーめん やわら,https://tabelog.com/ishikawa/A1701/A170101/17015720/,行った,保存," 金沢市 / ラーメン、カフェ・喫茶店(喫茶店)
            ",カフェ・喫茶店,3.07,https://tabelog.com/ishikawa/A1701/A170101/17015720/dtlrvwlst/,14,162人,-,"￥1,000～￥1,999",,,"近所にオープンしたので早速行ってみた。
              醤油のあっさりをオーダー。
              ラーメンができるまで、...",https://tabelog.com/rvwr/011884973/,やまぐち金沢市(27)
ザ ビーンズ ボックス,https://tabelog.com/ishikawa/A1701/A170101/17010266/,行った,保存," 金沢市 / カフェ・喫茶店(コーヒースタンド)、サンドイッチ
            ",カフェ・喫茶店,3.10,https://tabelog.com/ishikawa/A1701/A170101/17010266/dtlrvwlst/,22,739人,-,～￥999,https://tabelog.com/ishikawa/A1701/A170101/17010266/dtlrvwlst/B508185970/,泉野のサンド屋,若い頃に何度かサンドイッチをテイクアウトした記憶があり、久しぶりに寄ってみました。前の店舗だっ...,https://tabelog.com/rvwr/014505186/,RSTてんきち(1285)
Detza,https://tabelog.com/ishikawa/A1701/A170101/17007877/,行った,保存," 白山市 / 洋菓子、カフェ・喫茶店(カフェ)、フレンチ
            ",カフェ・喫茶店,3.18,https://tabelog.com/ishikawa/A1701/A170101/17007877/dtlrvwlst/,45,2136人,-,"￥1,000～￥1,999",https://tabelog.com/ishikawa/A1701/A170101/17007877/dtlrvwlst/B495617433/,ふらっと,"ドライブ途中に食べログみてキッシュのワンプレートランチに惹かれランチで立ち寄りました。
              一軒...",https://tabelog.com/rvwr/003286103/,モモ1708(361)
スターバックスコーヒー 金沢フォーラス6階クーゴ店,https://tabelog.com/ishikawa/A1701/A170101/17007673/,行った,保存," 金沢市 / カフェ・喫茶店(カフェ)
            ",カフェ・喫茶店,3.06,https://tabelog.com/ishikawa/A1701/A170101/17007673/dtlrvwlst/,55,288人,～￥999,～￥999,,,旅行に行ったら、その土地のスタバにたいてい入ります。アプリのスタンプラリーが貯まるのが密かな楽...,https://tabelog.com/rvwr/024319718/,正直GORO(186)
アイリーカレーハウス,https://tabelog.com/ishikawa/A1701/A170101/17007603/,行った,保存," 金沢市 / カレー、カフェ・喫茶店(カフェ)、バル
            ",カフェ・喫茶店,3.42,https://tabelog.com/ishikawa/A1701/A170101/17007603/dtlrvwlst/,106,3416人,"￥1,000～￥1,999","￥1,000～￥1,999",https://tabelog.com/ishikawa/A1701/A170101/17007603/dtlrvwlst/B487283974/,約束通りのリピ,"前回初訪問にて次回のリピ確定を約束して数ヶ月が経ってしまいましたが約束通りリピで再訪。
              お店...",https://tabelog.com/rvwr/019961128/,SkyAtsu(128)
ブランケットカフェ,https://tabelog.com/ishikawa/A1701/A170101/17008879/,行った,保存," 金沢市 / カフェ・喫茶店(カフェ)
            ",カフェ・喫茶店,3.41,https://tabelog.com/ishikawa/A1701/A170101/17008879/dtlrvwlst/,98,4482人,～￥999,"￥1,000～￥1,999",,,金沢にあるblanket cafe 行ってきました♪☺️とてもオシャレで、美味しい好きなお店が...,https://tabelog.com/rvwr/007674034/,Koutarou926(340)
エルパソ,https://tabelog.com/ishikawa/A1701/A170101/17008567/,行った,保存," 金沢市 / ケーキ、カフェ・喫茶店(カフェ)
            ",カフェ・喫茶店,3.13,https://tabelog.com/ishikawa/A1701/A170101/17008567/dtlrvwlst/,24,1178人,-,～￥999,,,"地元の人からも愛されるとっても美味しくてオシャレなケーキ屋さん♡♡
              親切な地元の方に美味しい...",https://tabelog.com/rvwr/010249896/,koyu0914(120)
スターバックスコーヒー 金沢Rinto東口店,https://tabelog.com/ishikawa/A1701/A170101/17015387/,行った,保存," 金沢市 / カフェ・喫茶店(カフェ)
            ",カフェ・喫茶店,3.03,https://tabelog.com/ishikawa/A1701/A170101/17015387/dtlrvwlst/,17,56人,-,-,https://tabelog.com/ishikawa/A1701/A170101/17015387/dtlrvwlst/B516618986/,個性派のオープンレイアウト,"金沢百番街Rintoの東口にもスタバがオープンしました。
              西口の店舗は一般的な造りですが、こ...",https://tabelog.com/rvwr/4171122/,Ｍ＋Ｋ(3357)
ノバール,https://tabelog.com/ishikawa/A1701/A170101/17004340/,行った,保存," 金沢市 / カフェ・喫茶店(喫茶店)
            ",カフェ・喫茶店,3.20,https://tabelog.com/ishikawa/A1701/A170101/17004340/dtlrvwlst/,32,735人,-,-,https://tabelog.com/ishikawa/A1701/A170101/17004340/dtlrvwlst/B511334518/,これはあたり喫茶店！,"まずもう店内がオシャレすぎる。
              ドンと西洋絵画がお出迎え。
              昔ながらの喫茶店の雰囲気をその...",https://tabelog.com/rvwr/006761095/,ぴーまる_9(311)
高倉町珈琲 金沢桜田店,https://tabelog.com/ishikawa/A1701/A170101/17009509/,行った,保存," 金沢市 / カフェ・喫茶店(パンケーキ)、カフェ・喫茶店(カフェ)、洋食
            ",カフェ・喫茶店,3.07,https://tabelog.com/ishikawa/A1701/A170101/17009509/dtlrvwlst/,89,1758人,～￥999,～￥999,,,"お店の雰囲気は落ち着いていて、ゆっくり出来るのが良いデス。
              小学生の子供達を連れて行きました...",https://tabelog.com/rvwr/018179438/,食べ歩きニートK(213)
イタリアントマト・カフェジュニア アピタ金沢店,https://tabelog.com/ishikawa/A1701/A170101/17006438/,行った,保存," 金沢市 / パスタ、カフェ・喫茶店(カフェ)、ケーキ
            ",カフェ・喫茶店,3.02,https://tabelog.com/ishikawa/A1701/A170101/17006438/dtlrvwlst/,14,54人,-,～￥999,https://tabelog.com/ishikawa/A1701/A170101/17006438/dtlrvwlst/B503727422/,買物帰りにイタリアン,金沢アピタで買物して夕食どうする？って話しながらエレベーター(下の駐車スペースは工事のため使用...,https://tabelog.com/rvwr/007223565/,背の高いサンタ(3308)
箔一 東山店,https://tabelog.com/ishikawa/A1701/A170101/17008262/,行った,保存," 金沢市 / ソフトクリーム、カフェ・喫茶店(カフェ)、カフェ・喫茶店(甘味処)
            ",カフェ・喫茶店,3.61,https://tabelog.com/ishikawa/A1701/A170101/17008262/dtlrvwlst/,1030,13141人,～￥999,～￥999,https://tabelog.com/ishikawa/A1701/A170101/17008262/dtlrvwlst/B476049542/,クリスマス限定のキラキラソフトクリーム,"週末のおやつ
              明日からの仕事に備えて金沢に前泊
              折角ですので東茶屋街をぶらりです
              目当て...",https://tabelog.com/rvwr/003142501/,Koji-koji(2582)
SWEETS BAR Jam's,https://tabelog.com/ishikawa/A1701/A170101/17009800/,行った,保存," 金沢市 / バー、カフェ・喫茶店(カフェ)
            ",カフェ・喫茶店,3.09,https://tabelog.com/ishikawa/A1701/A170101/17009800/dtlrvwlst/,23,1106人,"￥2,000～￥2,999",-,https://tabelog.com/ishikawa/A1701/A170101/17009800/dtlrvwlst/B481520020/,だって五所川原にはスイーツバーって無いしぃψ(｀∇´)ψﾄﾂﾆｭｳﾄﾂﾆｭｳ,"てなわけで、見かけたので突入。
              メニューは撮影したはずなんだけどね〜
              なぜか保存されてない...",https://tabelog.com/rvwr/019305112/,まる202215371(522)
スターバックスコーヒー 金沢鞍月店,https://tabelog.com/ishikawa/A1701/A170101/17009788/,行った,保存," 金沢市 / カフェ・喫茶店(カフェ)
            ",カフェ・喫茶店,3.04,https://tabelog.com/ishikawa/A1701/A170101/17009788/dtlrvwlst/,32,130人,-,～￥999,https://tabelog.com/ishikawa/A1701/A170101/17009788/dtlrvwlst/B516590775/,ゴマの味わいが効いたサラダラップ,"石川県庁の少し北にあります。
              店舗前の通りには中央分離帯があり、北向き側からは進入できません...",https://tabelog.com/rvwr/4171122/,Ｍ＋Ｋ(3357)
リンツ ショコラ ブティック＆カフェ 金沢百番街Rinto店,https://tabelog.com/ishikawa/A1701/A170101/17010066/,行った,保存," 金沢市 / カフェ・喫茶店(カフェ)、チョコレート、スイーツ
            ",カフェ・喫茶店,3.04,https://tabelog.com/ishikawa/A1701/A170101/17010066/dtlrvwlst/,34,364人,～￥999,～￥999,https://tabelog.com/ishikawa/A1701/A170101/17010066/dtlrvwlst/B520174095/,濃厚ドリンク♡高級チョコのカフェ！,"あの有名な高級チョコレートのカフェを
              金沢駅で見つけた
              
              雪が時々降る寒い日だったけど
...",https://tabelog.com/rvwr/003315908/,oyajilunch(244)
ハスネテラス,https://tabelog.com/ishikawa/A1701/A170101/17009157/,行った,保存," 金沢市 / うどん、カフェ・喫茶店(カフェ)、ケーキ
            ",カフェ・喫茶店,3.18,https://tabelog.com/ishikawa/A1701/A170101/17009157/dtlrvwlst/,43,1194人,"￥1,000～￥1,999",～￥999,https://tabelog.com/ishikawa/A1701/A170101/17009157/dtlrvwlst/B471248239/,リーズナブルに讃岐うどんが味わえるカフェ,"うどんがあるカフェって
              聞いてて行きましたけど
              うどんだけでもメニューが豊富で
              ビックリ...",https://tabelog.com/rvwr/018698905/,さすらいの麺リフター(846)
サングラスとカフェ mito,https://tabelog.com/ishikawa/A1701/A170101/17010469/,行った,保存," 金沢市 / カフェ・喫茶店(カフェ)
            ",カフェ・喫茶店,3.19,https://tabelog.com/ishikawa/A1701/A170101/17010469/dtlrvwlst/,49,851人,-,～￥999,https://tabelog.com/ishikawa/A1701/A170101/17010469/dtlrvwlst/B471265275/,香林坊で夜カフェ,"夜カフェしているのを見つけ、利用させてもらいました。
              サングラス販売とカフェの二刀流。
              お...",https://tabelog.com/rvwr/008737684/,cornk(5092)
不室茶屋,https://tabelog.com/ishikawa/A1701/A170101/17009342/,行った,保存," 金沢市 / カフェ・喫茶店(甘味処)
            ",カフェ・喫茶店,3.53,https://tabelog.com/ishikawa/A1701/A170101/17009342/dtlrvwlst/,488,11916人,-,"￥1,000～￥1,999",,,"初訪問です。
              金沢旅行で友達に連れられて行きました。
              
              頂いたのは
              ・釜揚げ白玉生麩
...",https://tabelog.com/rvwr/008905415/,fuNa(295)
SAKURA CAFE TERRACE,https://tabelog.com/ishikawa/A1701/A170101/17015126/,行った,保存," 金沢市 / カフェ・喫茶店(カフェ)
            ",カフェ・喫茶店,3.14,https://tabelog.com/ishikawa/A1701/A170101/17015126/dtlrvwlst/,15,310人,-,"￥1,000～￥1,999",https://tabelog.com/ishikawa/A1701/A170101/17015126/dtlrvwlst/B525425790/,女性が喜ぶカフェ,"金沢のご当地カレー文化にまで抗い始めたスパイスカレー巡り。
              ランチが遅くなり、まだ未訪のお店...",https://tabelog.com/rvwr/008497618/,snail64286(734)
喫茶 展望,https://tabelog.com/ishikawa/A1701/A170101/17003116/,行った,保存," 金沢市 / カフェ・喫茶店(喫茶店)
            ",カフェ・喫茶店,3.21,https://tabelog.com/ishikawa/A1701/A170101/17003116/dtlrvwlst/,24,169人,-,～￥999,https://tabelog.com/ishikawa/A1701/A170101/17003116/dtlrvwlst/B503601074/,金沢市内を眺めながら食べる能登牛カレー,"石川県庁19階の展望フロアに小さく仕切られたカフェスペース。ここに来るのは2回目です。
              
              ...",https://tabelog.com/rvwr/001782804/,ひろっか5293(1107)
ひらみぱん,https://tabelog.com/ishikawa/A1701/A170101/17006812/,行った,保存," 金沢市 / パン、カフェ・喫茶店(カフェ)、ビストロ
            ",カフェ・喫茶店,3.68,https://tabelog.com/ishikawa/A1701/A170101/17006812/dtlrvwlst/,1252,39042人,-,"￥1,000～￥1,999",https://tabelog.com/ishikawa/A1701/A170101/17006812/dtlrvwlst/B467016270/,2日連続で訪問,"本当だったら朝食をここで食べたかったんだけど
              翌日土曜日はたぶん多いだろうな
              帰らないとい...",https://tabelog.com/rvwr/000978970/,Kingfish(880)
SWAY 金沢兼六園前茶屋店,https://tabelog.com/ishikawa/A1701/A170101/17014463/,行った,保存," 金沢市 / カフェ・喫茶店(カフェ)
            ",カフェ・喫茶店,3.39,https://tabelog.com/ishikawa/A1701/A170101/17014463/dtlrvwlst/,84,907人,-,-,https://tabelog.com/ishikawa/A1701/A170101/17014463/dtlrvwlst/B517578053/,和モダン空間で、兼六園巡りの小休憩！,"昨年2024年openだそう。
              以前来た際にはなかった素敵なカフェが！
              
              夕暮れどきに前...",https://tabelog.com/rvwr/005452050/,gourmet_diary(834)
むさしの森珈琲 金沢入江店,https://tabelog.com/ishikawa/A1701/A170101/17010771/,行った,保存," 金沢市 / カフェ・喫茶店(カフェ)
            ",カフェ・喫茶店,3.06,https://tabelog.com/ishikawa/A1701/A170101/17010771/dtlrvwlst/,79,812人,"￥1,000～￥1,999","￥1,000～￥1,999",https://tabelog.com/ishikawa/A1701/A170101/17010771/dtlrvwlst/B515220358/,お手頃価格でハズレなし。,"カフェと名のつくお店は終わるのが早い。
              19時ぐらいになるとほとんどクローズしてる
              車でぐ...",https://tabelog.com/rvwr/003120322/,あばたーその②(925)
フランチメルシーキャラバンサライ,https://tabelog.com/ishikawa/A1701/A170101/17000522/,行った,保存," 金沢市 / カフェ・喫茶店(カフェ)、パスタ、カフェ・喫茶店(喫茶店)
            ",カフェ・喫茶店,3.07,https://tabelog.com/ishikawa/A1701/A170101/17000522/dtlrvwlst/,26,294人,-,～￥999,https://tabelog.com/ishikawa/A1701/A170101/17000522/dtlrvwlst/B482796283/,昔ながらの喫茶店でのんびりと。,"金沢で老舗のコーヒー豆専門店、キャラバンサライさん
              こちらは保古の本店のお隣に有る喫茶店です...",https://tabelog.com/rvwr/000425777/,onara(953)
自家焙煎 東出珈琲店,https://tabelog.com/ishikawa/A1701/A170101/17002820/,行った,保存," 金沢市 / カフェ・喫茶店(喫茶店)
            ",カフェ・喫茶店,3.60,https://tabelog.com/ishikawa/A1701/A170101/17002820/dtlrvwlst/,383,16040人,-,～￥999,https://tabelog.com/ishikawa/A1701/A170101/17002820/dtlrvwlst/B521571815/,近江町市場近くの名店、東出珈琲店で極上のコーヒーをいただく,この日金沢に降り立ち、お昼を大名茶家でいただき、いったんホテルに荷物を預けてひと息ついたあとは...,https://tabelog.com/rvwr/004258278/,横浜のレオナルド(489)
slow　luck,https://tabelog.com/ishikawa/A1701/A170101/17008239/,行った,保存," 金沢市 / バル、ダイニングバー、カフェ・喫茶店(カフェ)
            ",カフェ・喫茶店,3.06,https://tabelog.com/ishikawa/A1701/A170101/17008239/dtlrvwlst/,11,1028人,"￥3,000～￥3,999",-,https://tabelog.com/ishikawa/A1701/A170101/17008239/dtlrvwlst/B507565050/,斬新な組み合わせの創作料理,"【訪問時混雑具合】
              訪問時：平日20時
              混雑具合：店内満席でした。
              10分ほど待って1組...",https://tabelog.com/rvwr/022310286/,蒼_ao(267)
玉泉庵,https://tabelog.com/ishikawa/A1701/A170101/17009473/,行った,保存," 金沢市 / カフェ・喫茶店(甘味処)
            ",カフェ・喫茶店,3.25,https://tabelog.com/ishikawa/A1701/A170101/17009473/dtlrvwlst/,47,662人,-,～￥999,,,"This is JAPAN！！！！
              ここまで完璧なことある？
              店員さんの懇切丁寧な接客、綺...",https://tabelog.com/rvwr/024028769/,waniron(415)
古都美,https://tabelog.com/ishikawa/A1701/A170101/17009497/,行った,保存," 金沢市 / カフェ・喫茶店(カフェ)
            ",カフェ・喫茶店,3.44,https://tabelog.com/ishikawa/A1701/A170101/17009497/dtlrvwlst/,117,2961人,-,"￥1,000～￥1,999",https://tabelog.com/ishikawa/A1701/A170101/17009497/dtlrvwlst/B482780227/,可愛らしい「ことみん」,"金沢駅構内百番街にある「古都美」さんでお土産を買って帰りましょう。
              「古都美」は1953年に...",https://tabelog.com/rvwr/020065102/,光（hikaru）(403)
柴舟小出 野町店,https://tabelog.com/ishikawa/A1701/A170101/17000112/,行った,保存," 金沢市 / 和菓子、カフェ・喫茶店(カフェ)
            ",カフェ・喫茶店,3.03,https://tabelog.com/ishikawa/A1701/A170101/17000112/dtlrvwlst/,12,117人,-,"￥1,000～￥1,999",,,,,
星乃珈琲店 石川県庁前店,https://tabelog.com/ishikawa/A1701/A170101/17010241/,行った,保存," 金沢市 / カフェ・喫茶店(喫茶店)
            ",カフェ・喫茶店,3.04,https://tabelog.com/ishikawa/A1701/A170101/17010241/dtlrvwlst/,41,291人,-,～￥999,https://tabelog.com/ishikawa/A1701/A170101/17010241/dtlrvwlst/B476894518/,石川県庁のそば,石川県庁のそばの星乃珈琲店です。何度も通っています。駐車場は広いです。5人で入店したら個室にし...,https://tabelog.com/rvwr/011629736/,ntets676(2258)
ノンストップ コーヒー スタンド＆ロースタリー,https://tabelog.com/ishikawa/A1701/A170101/17013078/,行った,保存," 金沢市 / カフェ・喫茶店(コーヒースタンド)
            ",カフェ・喫茶店,3.21,https://tabelog.com/ishikawa/A1701/A170101/17013078/dtlrvwlst/,24,877人,-,-,https://tabelog.com/ishikawa/A1701/A170101/17013078/dtlrvwlst/B513785333/,大当たりのソイラテ♡,"小雨さんからのはしごでディナー前にもう一軒。
              
              お気に入りの珈琲スタンドにお邪魔しました。...",https://tabelog.com/rvwr/005550479/,ヒング(1655)
パルティ,https://tabelog.com/ishikawa/A1701/A170101/17005849/,行った,保存," 金沢市 / カフェ・喫茶店(喫茶店)
            ",カフェ・喫茶店,3.10,https://tabelog.com/ishikawa/A1701/A170101/17005849/dtlrvwlst/,20,488人,-,～￥999,https://tabelog.com/ishikawa/A1701/A170101/17005849/dtlrvwlst/B503404184/,白鳥路ホテルのカフェ＆バー,"お昼の時間帯は、カフェ
              夜の時間帯は、バー
              をしている、白鳥路ホテルの施設で今回はバーで利...",https://tabelog.com/rvwr/005485298/,motoh667(388)
ビリオン珈琲  金沢諸江店,https://tabelog.com/ishikawa/A1701/A170101/17009304/,行った,保存," 金沢市 / カフェ・喫茶店(カフェ)
            ",カフェ・喫茶店,3.05,https://tabelog.com/ishikawa/A1701/A170101/17009304/dtlrvwlst/,52,461人,-,～￥999,https://tabelog.com/ishikawa/A1701/A170101/17009304/dtlrvwlst/B515139549/,諸江でモーニング,"金沢駅から海の方向にむかい、モーニングセットあるお店を探します。ビリオンさんがありました。
              ...",https://tabelog.com/rvwr/014505186/,RSTてんきち(1285)
コーヒー&大判焼あんやと25,https://tabelog.com/ishikawa/A1701/A170101/17006413/,行った,保存," 金沢市 / カフェ・喫茶店(喫茶店)、カフェ・喫茶店(カフェ)、たい焼き・大判焼き
            ",カフェ・喫茶店,3.04,https://tabelog.com/ishikawa/A1701/A170101/17006413/dtlrvwlst/,11,273人,-,～￥999,,,#喫茶ni-co25【#モーニングメニュー¥600#ハムチーズトーストセット#コロンビアスプレ...,https://tabelog.com/rvwr/oji/,おうじ(1023)
カフェ ニャン,https://tabelog.com/ishikawa/A1701/A170101/17008964/,行った,保存," 金沢市 / たい焼き・大判焼き、カフェ・喫茶店(カフェ)
            ",カフェ・喫茶店,3.08,https://tabelog.com/ishikawa/A1701/A170101/17008964/dtlrvwlst/,11,338人,-,～￥999,https://tabelog.com/ishikawa/A1701/A170101/17008964/dtlrvwlst/B522784929/,ゆったり寛げるカフェでメニューを2度見してしまう,金沢市大樋町、国道359号線大樋町交差点近くの裏通りにあるお店。食べログ検索してて偶然発見した...,https://tabelog.com/rvwr/001782804/,ひろっか5293(1107)
加賀藩御用菓子司 森八 本店,https://tabelog.com/ishikawa/A1701/A170101/17006809/,行った,保存," 金沢市 / 和菓子、カフェ・喫茶店(甘味処)、カフェ・喫茶店(カフェ)
            ",カフェ・喫茶店,3.24,https://tabelog.com/ishikawa/A1701/A170101/17006809/dtlrvwlst/,320,6162人,-,～￥999,https://tabelog.com/ishikawa/A1701/A170101/17006809/dtlrvwlst/B520757113/,可愛い上生菓子を店内でもテイクアウトでも,"最近点てた抹茶にハマっていたので、色々と調べて上生菓子の可愛いこちらに伺いました。
              上生菓子...",https://tabelog.com/rvwr/018868660/,piccata20(254)
豆月,https://tabelog.com/ishikawa/A1701/A170101/17011274/,行った,保存," 金沢市 / カフェ・喫茶店(カフェ)、カフェ・喫茶店(甘味処)
            ",カフェ・喫茶店,3.09,https://tabelog.com/ishikawa/A1701/A170101/17011274/dtlrvwlst/,14,610人,-,～￥999,https://tabelog.com/ishikawa/A1701/A170101/17011274/dtlrvwlst/B527609444/,超穴場茶屋！美味しい和のティータイムを,"2026年5月時点のメニュー載せてます↓↓
              
              
              石川県金沢市・ひがし茶屋街から徒歩約5分...",https://tabelog.com/rvwr/seiri2shine/,のあちんです。(326)
R I T S U K A,https://tabelog.com/ishikawa/A1701/A170101/17012971/,行った,保存," 金沢市 / かき氷、カフェ・喫茶店(カフェ)
            ",カフェ・喫茶店,3.29,https://tabelog.com/ishikawa/A1701/A170101/17012971/dtlrvwlst/,67,2141人,"￥1,000～￥1,999","￥1,000～￥1,999",https://tabelog.com/ishikawa/A1701/A170101/17012971/dtlrvwlst/B528118436/,透ける夏,ひがし茶屋街の奥にある町屋を改装したかき氷屋さん、店内弁柄色の土壁がどこか懐かしい。地元の製氷...,https://tabelog.com/rvwr/015244157/,ドラノログ(4588)
然れど,https://tabelog.com/ishikawa/A1701/A170101/17014080/,行った,保存," 金沢市 / レストラン、カフェ・喫茶店(カフェ)
            ",カフェ・喫茶店,3.22,https://tabelog.com/ishikawa/A1701/A170101/17014080/dtlrvwlst/,18,770人,-,"￥2,000～￥2,999",,,お昼は11時からと13時からの2部に分かれていてどちらも予約制になります。予約は電話かインスタ...,https://tabelog.com/rvwr/006276295/,PAO PAO(98)
ビーグル,https://tabelog.com/ishikawa/A1701/A170101/17004351/,行った,保存," 金沢市 / カフェ・喫茶店(喫茶店)
            ",カフェ・喫茶店,3.08,https://tabelog.com/ishikawa/A1701/A170101/17004351/dtlrvwlst/,12,165人,-,～￥999,https://tabelog.com/ishikawa/A1701/A170101/17004351/dtlrvwlst/B490493414/,丁度良い…,"今朝は、和食の朝御飯を頂きたいと思いコチラを訪問。
              開店間もない時間でもあり、先客が居られな...",https://tabelog.com/rvwr/003672391/,silve170(1434)
マクドナルド 福増町店,https://tabelog.com/ishikawa/A1701/A170101/17008108/,行った,保存," 金沢市 / ハンバーガー、カフェ・喫茶店(カフェ)
            ",カフェ・喫茶店,3.01,https://tabelog.com/ishikawa/A1701/A170101/17008108/dtlrvwlst/,18,60人,-,～￥999,https://tabelog.com/ishikawa/A1701/A170101/17008108/dtlrvwlst/B498971020/,常連,金沢市の郊外にお店はあります。元旦も営業しています。温泉帰りにおやつ代わりに食べに来ます。中央...,https://tabelog.com/rvwr/011629736/,ntets676(2258)
いるたけ,https://tabelog.com/ishikawa/A1701/A170101/17009570/,行った,保存," 金沢市 / パスタ、カフェ・喫茶店(カフェ)
            ",カフェ・喫茶店,3.18,https://tabelog.com/ishikawa/A1701/A170101/17009570/dtlrvwlst/,18,670人,-,"￥1,000～￥1,999",https://tabelog.com/ishikawa/A1701/A170101/17009570/dtlrvwlst/B508291511/,金沢市三馬にあるイタリアン「いるたけ」　街のスパゲティ屋さん　夜は本格伊料理,"以前から気になっていた、
              街のスパゲティ屋さん「いるたけ」さんに
              夜に訪問してきました。
...",https://tabelog.com/rvwr/000134259/,大トロ（よっしー）(3720)
カフェアロマ,https://tabelog.com/ishikawa/A1701/A170101/17004197/,行った,保存," 金沢市 / カフェ・喫茶店(カフェ)、カフェ・喫茶店(喫茶店)
            ",カフェ・喫茶店,3.07,https://tabelog.com/ishikawa/A1701/A170101/17004197/dtlrvwlst/,17,119人,-,～￥999,https://tabelog.com/ishikawa/A1701/A170101/17004197/dtlrvwlst/B500119507/,昔ながらの喫茶店でグッド,名鉄をウロウロしていたら疲れたので、どこか休みたいなと探していたら、昔ながらの喫茶を発見して早...,https://tabelog.com/rvwr/000445777/,てーさん(1819)
コメダ珈琲店 金沢松村店,https://tabelog.com/ishikawa/A1701/A170101/17006055/,行った,保存," 金沢市 / カフェ・喫茶店(喫茶店)
            ",カフェ・喫茶店,3.05,https://tabelog.com/ishikawa/A1701/A170101/17006055/dtlrvwlst/,46,221人,～￥999,～￥999,https://tabelog.com/ishikawa/A1701/A170101/17006055/dtlrvwlst/B530623719/,蒸し暑い日だったので冷たいもので涼を得る,"梅雨真っ只中には外出していると涼を求めてカフェに入ることが多くなります。
              
              コメダ珈琲店は...",https://tabelog.com/rvwr/001875722/,あさぴー1(3764)
ジョーハウス 高尾台店,https://tabelog.com/ishikawa/A1701/A170101/17001241/,行った,保存," 金沢市 / カレー、カフェ・喫茶店(喫茶店)
            ",カフェ・喫茶店,3.21,https://tabelog.com/ishikawa/A1701/A170101/17001241/dtlrvwlst/,38,988人,-,"￥1,000～￥1,999",https://tabelog.com/ishikawa/A1701/A170101/17001241/dtlrvwlst/B521072322/,奥深いジャワカレー,"金沢のご当地カレー文化にまで抗い始めたスパイスカレー巡り。
              本店はこちらと石引店のどちらなの...",https://tabelog.com/rvwr/008497618/,snail64286(734)
メゾン・ドゥ・ミズキ,https://tabelog.com/ishikawa/A1701/A170101/17006364/,行った,保存," 金沢市 / ケーキ、カフェ・喫茶店(カフェ)
            ",カフェ・喫茶店,3.14,https://tabelog.com/ishikawa/A1701/A170101/17006364/dtlrvwlst/,26,621人,-,"￥1,000～￥1,999",https://tabelog.com/ishikawa/A1701/A170101/17006364/dtlrvwlst/B474805741/,派手さはないけど上品さ溢れたお菓子,金沢市和食の名店の一店でランチ後に帰りのしらさぎまでまだ時間あり途中のこちらのパティスリーにお...,https://tabelog.com/rvwr/005550479/,ヒング(1655)
cafe ひよこまめ,https://tabelog.com/ishikawa/A1701/A170101/17012013/,行った,保存," 金沢市 / カフェ・喫茶店(カフェ)
            ",カフェ・喫茶店,3.07,https://tabelog.com/ishikawa/A1701/A170101/17012013/dtlrvwlst/,10,322人,-,～￥999,https://tabelog.com/ishikawa/A1701/A170101/17012013/dtlrvwlst/B516638264/,陽だまりのようなスイーツ時間。,"昼下がり、木漏れ日の差す窓際の席で。
              黒いスレートの上に並ぶ小さな甘味たちが、
              まるで静か...",https://tabelog.com/rvwr/031954572/,青空のグルメ(179)
Cafe Kan,https://tabelog.com/ishikawa/A1701/A170101/17014032/,行った,保存," 金沢市 / カフェ・喫茶店(カフェ)、和菓子
            ",カフェ・喫茶店,3.26,https://tabelog.com/ishikawa/A1701/A170101/17014032/dtlrvwlst/,53,466人,-,"￥1,000～￥1,999",,,こちらのカフェは、デザートがとてもおいしく、見た目も可愛らしいです。ケーキやパフェは甘さ控えめ...,https://tabelog.com/rvwr/018227561/,ひりはり(665)
メゾン イケ,https://tabelog.com/ishikawa/A1701/A170101/17009129/,行った,保存," 金沢市 / 洋菓子、カフェ・喫茶店(カフェ)
            ",カフェ・喫茶店,3.12,https://tabelog.com/ishikawa/A1701/A170101/17009129/dtlrvwlst/,19,605人,-,～￥999,https://tabelog.com/ishikawa/A1701/A170101/17009129/dtlrvwlst/B58122296/,田上本町にあるコンフィチュールと洋菓子のお店,"
              白パン：外側の皮は歯ごたえありますが、中は柔らかくおいしいです。
              カヌレ・ド・ボルドー：...",https://tabelog.com/rvwr/000394245/,回転地獄五輪スペシャル(186)
カフェぶどうの森 ファーム金沢百番街店,https://tabelog.com/ishikawa/A1701/A170101/17012324/,行った,保存," 金沢市 / イタリアン、カフェ・喫茶店(カフェ)、ピザ
            ",カフェ・喫茶店,3.20,https://tabelog.com/ishikawa/A1701/A170101/17012324/dtlrvwlst/,41,280人,"￥1,000～￥1,999","￥1,000～￥1,999",https://tabelog.com/ishikawa/A1701/A170101/17012324/dtlrvwlst/B462459738/,金沢・百番キッチンのイタリアンカフェ。,　金沢駅のあんと西・百番キッチン内にある、地元系スイーツチェーンが運営するイタリアンカフェです...,https://tabelog.com/rvwr/000937380/,Trimeresurus(2052)
Cafe&Bal suco,https://tabelog.com/ishikawa/A1701/A170101/17012782/,行った,保存," 金沢市 / カフェ・喫茶店(カフェ)
            ",カフェ・喫茶店,3.09,https://tabelog.com/ishikawa/A1701/A170101/17012782/dtlrvwlst/,13,523人,-,"￥1,000～￥1,999",,,今日は前から気になっていたsuco cafeに行ってきた。名前の通り、手作りにこだわったカフェ...,https://tabelog.com/rvwr/028198269/,バイトやめたい(50)
オールデイダイニング KENROKU,https://tabelog.com/ishikawa/A1701/A170101/17008867/,行った,保存," 金沢市 / ビュッフェ、創作料理、カフェ・喫茶店(カフェ)
            ",カフェ・喫茶店,3.13,https://tabelog.com/ishikawa/A1701/A170101/17008867/dtlrvwlst/,27,265人,-,-,https://tabelog.com/ishikawa/A1701/A170101/17008867/dtlrvwlst/B498497019/,ホテルの朝食ブッフェ☆景色を見ながらモーニング！金沢旅行,"このまえ金沢旅行ではANAホリデイイン金沢スカイに宿泊〜
              
              朝食ブッフェとてもおいしかった...",https://tabelog.com/rvwr/000630910/,ANDROID(2194)
森八 ひがし三番丁店,https://tabelog.com/ishikawa/A1701/A170101/17006196/,行った,保存," 金沢市 / カフェ・喫茶店(カフェ)、カフェ・喫茶店(甘味処)
            ",カフェ・喫茶店,3.15,https://tabelog.com/ishikawa/A1701/A170101/17006196/dtlrvwlst/,164,1651人,-,～￥999,https://tabelog.com/ishikawa/A1701/A170101/17006196/dtlrvwlst/B521510594/,ひがし茶屋町の老舗カフェ,創業400年以上の歴史を持つ老舗和菓子屋さん。金沢駅をはじめ、数店舗あります。店内は重厚感のあ...,https://tabelog.com/rvwr/021985963/,piropiro0825(225)
喫茶 グライダー,https://tabelog.com/ishikawa/A1701/A170101/17012768/,行った,保存," 金沢市 / カフェ・喫茶店(カフェ)
            ",カフェ・喫茶店,3.16,https://tabelog.com/ishikawa/A1701/A170101/17012768/dtlrvwlst/,15,281人,-,"￥1,000～￥1,999",https://tabelog.com/ishikawa/A1701/A170101/17012768/dtlrvwlst/B494992720/,隠れた名カフェは・・・,"金沢駅からバスに揺られて、バス停・橋場町。
              浅野川の橋を渡り、ひがし茶屋街方面へと
              朝から...",https://tabelog.com/rvwr/kenfirst1214/,kenfirst(404)
コメダ珈琲店 金沢直江店,https://tabelog.com/ishikawa/A1701/A170101/17008907/,行った,保存," 金沢市 / カフェ・喫茶店(喫茶店)
            ",カフェ・喫茶店,3.04,https://tabelog.com/ishikawa/A1701/A170101/17008907/dtlrvwlst/,26,102人,-,～￥999,https://tabelog.com/ishikawa/A1701/A170101/17008907/dtlrvwlst/B467227760/,直江のコメダ,大河端駅からも三ツ屋駅からも遠くはありませんが、ほとんどのお客さんは車で来ます。駐車場は広いで...,https://tabelog.com/rvwr/011629736/,ntets676(2258)
ケサランパサラン,https://tabelog.com/ishikawa/A1701/A170101/17011977/,行った,保存," 金沢市 / カフェ・喫茶店(カフェ)
            ",カフェ・喫茶店,3.38,https://tabelog.com/ishikawa/A1701/A170101/17011977/dtlrvwlst/,67,3245人,-,"￥1,000～￥1,999",https://tabelog.com/ishikawa/A1701/A170101/17011977/dtlrvwlst/B525137551/,金沢の新竪町商店街にあるおしゃれな人気エスプレッソバー　フードも充実,"金沢市新竪町の新竪町商店街の中に
              ケサランパサランさんはあります。
              竪町ストリートの道を挟...",https://tabelog.com/rvwr/000134259/,大トロ（よっしー）(3720)
サロン・ド・テ・カワムラ,https://tabelog.com/ishikawa/A1701/A170101/17011103/,行った,保存," 金沢市 / カフェ・喫茶店(カフェ)、カフェ・喫茶店(甘味処)、かき氷
            ",カフェ・喫茶店,3.52,https://tabelog.com/ishikawa/A1701/A170101/17011103/dtlrvwlst/,135,4309人,-,"￥1,000～￥1,999",https://tabelog.com/ishikawa/A1701/A170101/17011103/dtlrvwlst/B479510361/,【金沢】西茶屋街にある洗練された和カフェ◌ ͙❁˚,"────────────
              
              ◼︎訪問のきっかけ
              急遽立ち寄ったカフェ。
              閉店30分前で...",https://tabelog.com/rvwr/010724492/,Lulu*2012(74)
森八 金沢南店,https://tabelog.com/ishikawa/A1701/A170101/17006304/,行った,保存," 金沢市 / 和菓子、カフェ・喫茶店(甘味処)、カフェ・喫茶店(カフェ)
            ",カフェ・喫茶店,3.01,https://tabelog.com/ishikawa/A1701/A170101/17006304/dtlrvwlst/,10,138人,-,"￥2,000～￥2,999",,,,,
多華味屋,https://tabelog.com/ishikawa/A1701/A170101/17011583/,行った,保存," 金沢市 / たい焼き・大判焼き、和菓子、カフェ・喫茶店(甘味処)
            ",カフェ・喫茶店,3.39,https://tabelog.com/ishikawa/A1701/A170101/17011583/dtlrvwlst/,111,1367人,-,～￥999,https://tabelog.com/ishikawa/A1701/A170101/17011583/dtlrvwlst/B509110098/,食べ歩きに,"おやつに、小腹が空いた時にとぴったりでした
              
              金沢のひがし茶屋街にある
              『多華味屋』さん...",https://tabelog.com/rvwr/010825295/,ayakiki(337)
ハム&ゴー コーヒーアンドストック 香林坊アトリオ店,https://tabelog.com/ishikawa/A1701/A170101/17010566/,行った,保存," 金沢市 / カフェ・喫茶店(カフェ)
            ",カフェ・喫茶店,3.26,https://tabelog.com/ishikawa/A1701/A170101/17010566/dtlrvwlst/,60,806人,"￥1,000～￥1,999","￥1,000～￥1,999",https://tabelog.com/ishikawa/A1701/A170101/17010566/dtlrvwlst/B509164858/,昔ながらの固めプリンアラモード,歩き疲れてちょっと休憩がてらこちらに寄りましたが、オシャレな店内でカフェメニューも豊富。甘いも...,https://tabelog.com/rvwr/moguzo/,moguzo(180)
和菓子 村上 金沢本店,https://tabelog.com/ishikawa/A1701/A170101/17000896/,行った,保存," 金沢市 / カフェ・喫茶店(甘味処)、和菓子、ソフトクリーム
            ",カフェ・喫茶店,3.15,https://tabelog.com/ishikawa/A1701/A170101/17000896/dtlrvwlst/,158,2127人,-,～￥999,https://tabelog.com/ishikawa/A1701/A170101/17000896/dtlrvwlst/B510273380/,艶やかなる甘美の二重奏─モンブランと金箔が誘う、金沢“麗菓”奇譚,金沢の街角で出会ったのは、ただの和菓子ではない。“艶”と“雅”が溶け合った、まさに目にも舌にも...,https://tabelog.com/rvwr/011333712/,ミシュランPAC(262)
ダンボ,https://tabelog.com/ishikawa/A1701/A170101/17007400/,行った,保存," 金沢市 / カフェ・喫茶店(カフェ)
            ",カフェ・喫茶店,3.30,https://tabelog.com/ishikawa/A1701/A170101/17007400/dtlrvwlst/,69,3655人,-,"￥1,000～￥1,999",,,"ブレンドコーヒー
              キャロットケーキ
              
              平日13:30頃訪問しました
              店前に2名の待ちあ...",https://tabelog.com/rvwr/001724709/,きなこもちか(417)
レモネードバイレモニカ 金沢FORUS店2,https://tabelog.com/ishikawa/A1701/A170101/17011307/,行った,保存," 金沢市 / カフェ・喫茶店(カフェ)
            ",カフェ・喫茶店,3.03,https://tabelog.com/ishikawa/A1701/A170101/17011307/dtlrvwlst/,20,249人,～￥999,～￥999,https://tabelog.com/ishikawa/A1701/A170101/17011307/dtlrvwlst/B493546426/,飲みやすいレモネード。,"この日は弟妹達と合流して親父とお袋達とまったり過ごす予定。
              
              胡京にてフォトジェニックなオ...",https://tabelog.com/rvwr/000094547/,河井継之助(4028)
スターバックスコーヒー 金沢フォーラス1階店,https://tabelog.com/ishikawa/A1701/A170101/17013499/,行った,保存," 金沢市 / カフェ・喫茶店(カフェ)
            ",カフェ・喫茶店,3.04,https://tabelog.com/ishikawa/A1701/A170101/17013499/dtlrvwlst/,27,129人,-,～￥999,https://tabelog.com/ishikawa/A1701/A170101/17013499/dtlrvwlst/B491726988/,金沢にあるスターバックス,"【注文したメニューはこちら】
              ・ワンモアアイスコーヒーショート（130円）
              
              金沢にある...",https://tabelog.com/rvwr/023258924/,やたグル/やたし(1735)
apila,https://tabelog.com/ishikawa/A1701/A170101/17009089/,行った,保存," 金沢市 / カフェ・喫茶店(カフェ)、カフェ・喫茶店(喫茶店)
            ",カフェ・喫茶店,3.09,https://tabelog.com/ishikawa/A1701/A170101/17009089/dtlrvwlst/,22,1034人,-,～￥999,https://tabelog.com/ishikawa/A1701/A170101/17009089/dtlrvwlst/B513443489/,今年(2025年)は、ムーミン80周年,今年(2025年)はムーミンの小説出版から80周年だそうです。そして我々は、金沢の北欧カフェa...,https://tabelog.com/rvwr/001146495/,キドカラー(839)
むさしや,https://tabelog.com/ishikawa/A1701/A170101/17013827/,行った,保存," 金沢市 / 日本料理、郷土料理、カフェ・喫茶店(カフェ)
            ",カフェ・喫茶店,3.15,https://tabelog.com/ishikawa/A1701/A170101/17013827/dtlrvwlst/,10,175人,-,"￥1,000～￥1,999",https://tabelog.com/ishikawa/A1701/A170101/17013827/dtlrvwlst/B519246221/,蓮根料理が売りですがランチはミックスフライで,金沢市吉原町、国道359号線から少し入ったところにあるお店。すぐそばにはIRいしかわ鉄道森本駅...,https://tabelog.com/rvwr/001782804/,ひろっか5293(1107)
ペソア コーヒー ロースターズ,https://tabelog.com/ishikawa/A1701/A170101/17011966/,行った,保存," 金沢市 / カフェ・喫茶店(コーヒースタンド)
            ",カフェ・喫茶店,3.16,https://tabelog.com/ishikawa/A1701/A170101/17011966/dtlrvwlst/,14,380人,-,～￥999,https://tabelog.com/ishikawa/A1701/A170101/17011966/dtlrvwlst/B483245051/,こだわりの自家焙煎コーヒーを提供する、居心地の良い空間が魅力のカフェ,"月曜日の13:30頃金沢を訪れるたびに必ず立ち寄るお気に入りのコーヒーショップ。
              前回金澤に...",https://tabelog.com/rvwr/021011976/,ナチュラリストYOU(1731)
謎屋珈琲店 金沢本店,https://tabelog.com/ishikawa/A1701/A170101/17009520/,行った,保存," 金沢市 / カフェ・喫茶店(喫茶店)
            ",カフェ・喫茶店,3.42,https://tabelog.com/ishikawa/A1701/A170101/17009520/dtlrvwlst/,115,3529人,～￥999,～￥999,https://tabelog.com/ishikawa/A1701/A170101/17009520/dtlrvwlst/B496129334/,ミステリーカフェの「シャーロック・ホームズの朝食セット」,"金沢市の【謎屋珈琲店】さんの金沢本店に伺いました。
              
              お店の場所はJR金沢駅兼六園口(東口...",https://tabelog.com/rvwr/006711015/,はまぐりのToshi(1506)
テン リバーサイド,https://tabelog.com/ishikawa/A1701/A170101/17012073/,行った,保存," 金沢市 / カフェ・喫茶店(カフェ)
            ",カフェ・喫茶店,3.11,https://tabelog.com/ishikawa/A1701/A170101/17012073/dtlrvwlst/,26,1011人,"￥1,000～￥1,999","￥1,000～￥1,999",https://tabelog.com/ishikawa/A1701/A170101/17012073/dtlrvwlst/B527090455/,隠れ家的まったり川沿いカフェ☕,"・価格に見合った美味しさか
              (①最高、値段以上！or②価格通り美味しいor③高く感じた…)
...",https://tabelog.com/rvwr/016028244/,ぴかぴか様(99)
ライフ イズ スイート,https://tabelog.com/ishikawa/A1701/A170101/17010349/,行った,保存," 金沢市 / クレープ・ガレット、カフェ・喫茶店(カフェ)、スイーツ
            ",カフェ・喫茶店,3.29,https://tabelog.com/ishikawa/A1701/A170101/17010349/dtlrvwlst/,76,3425人,～￥999,～￥999,,,"パフェやクレープが有名なお店らしいです
              土地柄駐車場は広めですが、割と静かに小ぢんまりとした...",https://tabelog.com/rvwr/010550224/,HA_RU(84)
Fusion21,https://tabelog.com/ishikawa/A1701/A170101/17000198/,行った,保存," 金沢市 / カフェ・喫茶店(カフェ)、ケーキ、ビュッフェ
            ",カフェ・喫茶店,3.52,https://tabelog.com/ishikawa/A1701/A170101/17000198/dtlrvwlst/,332,6413人,-,"￥1,000～￥1,999",https://tabelog.com/ishikawa/A1701/A170101/17000198/dtlrvwlst/B472587360/,21世紀美術館のオシャレカフェ,"▼今回、頂いたメニューはこちら▼
              ・国産いちごのフレンチトースト（1,200円）
              ・もっ...",https://tabelog.com/rvwr/023730621/,たにぐるめ(262)
インデアンカレー 東山店,https://tabelog.com/ishikawa/A1701/A170101/17009172/,行った,保存," 金沢市 / カレー、カフェ・喫茶店(カフェ)
            ",カフェ・喫茶店,3.05,https://tabelog.com/ishikawa/A1701/A170101/17009172/dtlrvwlst/,28,509人,-,～￥999,,,ひがし茶屋街を観光した時にお昼ご飯で利用しました。金沢カレーは初めて食べました。最初はルウが少...,https://tabelog.com/rvwr/010987390/,ビショップ0613(23)
タニタカフェ 金沢エムザ店,https://tabelog.com/ishikawa/A1701/A170101/17014582/,行った,保存," 金沢市 / カフェ・喫茶店(カフェ)
            ",カフェ・喫茶店,3.14,https://tabelog.com/ishikawa/A1701/A170101/17014582/dtlrvwlst/,15,98人,-,"￥1,000～￥1,999",https://tabelog.com/ishikawa/A1701/A170101/17014582/dtlrvwlst/B508921440/,ランチにヘルシーな月替わりワンプレート,最初は金沢エムザの地下にあるキッチンユキで金沢カレーでも食べようかと思っていましたが、そういえ...,https://tabelog.com/rvwr/001875722/,あさぴー1(3764)
金澤文豪カフェあんず,https://tabelog.com/ishikawa/A1701/A170101/17010141/,行った,保存," 金沢市 / カフェ・喫茶店(カフェ)
            ",カフェ・喫茶店,3.22,https://tabelog.com/ishikawa/A1701/A170101/17010141/dtlrvwlst/,39,441人,～￥999,～￥999,,,"いつも空いていれば電源ある
              ローカウンター席で過ごします。
              
              本屋隣接のオープンでゆった...",https://tabelog.com/rvwr/004084349/,Koach(14)
閼伽,https://tabelog.com/ishikawa/A1701/A170101/17003025/,行った,保存," 金沢市 / カフェ・喫茶店(喫茶店)
            ",カフェ・喫茶店,3.07,https://tabelog.com/ishikawa/A1701/A170101/17003025/dtlrvwlst/,13,163人,-,～￥999,https://tabelog.com/ishikawa/A1701/A170101/17003025/dtlrvwlst/B486798035/,近江町市場　入り口の渋い喫茶店,"レトロな喫茶店が好きな私は、調べ無しで迷わず入った。
              
              観光客は誰もおらず、地元のお客さん...",https://tabelog.com/rvwr/005981427/,nondakurelife(2548)
東山一久,https://tabelog.com/ishikawa/A1701/A170101/17010674/,行った,保存," 金沢市 / カフェ・喫茶店(カフェ)
            ",カフェ・喫茶店,3.25,https://tabelog.com/ishikawa/A1701/A170101/17010674/dtlrvwlst/,52,720人,～￥999,～￥999,,,今日は東山一久に行きました。このお店は和の雰囲気を楽しめると評判で、特に抹茶や和スイーツが人気...,https://tabelog.com/rvwr/028270374/,おれぽん(41)
ディプシー,https://tabelog.com/ishikawa/A1701/A170101/17002696/,行った,保存," 金沢市 / パン、ケーキ、カフェ・喫茶店(カフェ)
            ",カフェ・喫茶店,3.27,https://tabelog.com/ishikawa/A1701/A170101/17002696/dtlrvwlst/,52,827人,-,～￥999,https://tabelog.com/ishikawa/A1701/A170101/17002696/dtlrvwlst/B525527878/,特別モーニング,金沢の朝、ちょっと特別なスタートを切らせてくれたのが「ディプシー」さんのパンたち。今回はホテル...,https://tabelog.com/rvwr/031954572/,青空のグルメ(179)
BENIYA COFFEE,https://tabelog.com/ishikawa/A1701/A170101/17014752/,行った,保存," 金沢市 / カフェ・喫茶店(カフェ)
            ",カフェ・喫茶店,3.09,https://tabelog.com/ishikawa/A1701/A170101/17014752/dtlrvwlst/,12,261人,-,"￥1,000～￥1,999",https://tabelog.com/ishikawa/A1701/A170101/17014752/dtlrvwlst/B490582876/,泉が丘にオープンしたカフェ　こだわりのコーヒーといろんな種類のチーズケーキ,"金沢市富樫に新しくカフェがオープンしました。
              BENIYA　COFFEEさんです。
              場所は...",https://tabelog.com/rvwr/000134259/,大トロ（よっしー）(3720)
白磁,https://tabelog.com/ishikawa/A1701/A170101/17011354/,行った,保存," 金沢市 / カフェ・喫茶店(カフェ)、カフェ・喫茶店(喫茶店)
            ",カフェ・喫茶店,3.25,https://tabelog.com/ishikawa/A1701/A170101/17011354/dtlrvwlst/,64,809人,-,～￥999,https://tabelog.com/ishikawa/A1701/A170101/17011354/dtlrvwlst/B465226795/,ラテアートはきれいで楽しめるけど、ラテがぬるいのは残念。。。,"【前置き】
              金沢市の東茶屋街にあるカフェ。
              GWの夕方４時半頃に初訪問。
              
              店内は６割...",https://tabelog.com/rvwr/003080678/,kaito634(818)
一笑,https://tabelog.com/ishikawa/A1701/A170101/17000060/,行った,保存," 金沢市 / カフェ・喫茶店(カフェ)
            ",カフェ・喫茶店,3.66,https://tabelog.com/ishikawa/A1701/A170101/17000060/dtlrvwlst/,449,24692人,"￥1,000～￥1,999","￥1,000～￥1,999",https://tabelog.com/ishikawa/A1701/A170101/17000060/dtlrvwlst/B527855501/,金沢の風情と極上のほうじ茶を味わえる名店⭐︎,金沢の伝統と情緒が色濃く残る、国の重要伝統的建造物群保存地区の「ひがし茶屋街」。こちらのお店で...,https://tabelog.com/rvwr/003838124/,tabestar11(406)
カフェ加賀麩不室屋,https://tabelog.com/ishikawa/A1701/A170101/17012414/,行った,保存," 金沢市 / カフェ・喫茶店(甘味処)、郷土料理、カフェ・喫茶店(カフェ)
            ",カフェ・喫茶店,3.23,https://tabelog.com/ishikawa/A1701/A170101/17012414/dtlrvwlst/,214,3602人,"￥1,000～￥1,999","￥1,000～￥1,999",,,"加賀麩不室屋 加賀麩とりどり膳(3280円)
              
              不室屋は慶応元年創業の
              
              金沢の老舗
...",https://tabelog.com/rvwr/006029328/,hi0315(364)
ぼんじん,https://tabelog.com/ishikawa/A1701/A170101/17002950/,行った,保存," 金沢市 / カフェ・喫茶店(喫茶店)、洋食、洋菓子
            ",カフェ・喫茶店,3.09,https://tabelog.com/ishikawa/A1701/A170101/17002950/dtlrvwlst/,24,771人,-,～￥999,,,"超人気店で喫茶店ですが予約必須です！
              (電話して出なかったら満席の時が多い)
              今回はたまた...",https://tabelog.com/rvwr/011505334/,孤独じゃないぐるめ(28)
喫茶 モロゾフ 大和香林坊店,https://tabelog.com/ishikawa/A1701/A170101/17006197/,行った,保存," 金沢市 / カフェ・喫茶店(カフェ)、パン、ケーキ
            ",カフェ・喫茶店,3.04,https://tabelog.com/ishikawa/A1701/A170101/17006197/dtlrvwlst/,33,243人,-,～￥999,https://tabelog.com/ishikawa/A1701/A170101/17006197/dtlrvwlst/B458163936/,"Kaoluのあるある大日記!: カフェモロゾフ大和香林坊店
                ","モロゾフ大和香林坊店
              
              両親と買い物に出かけた帰りに母のお気に入りのダイワ内のこちらのお店...",https://tabelog.com/rvwr/000079991/,Kaolu(1666)
兼六園茶屋 見城亭,https://tabelog.com/ishikawa/A1701/A170101/17000858/,行った,保存," 金沢市 / 日本料理、カフェ・喫茶店(カフェ)、ソフトクリーム
            ",カフェ・喫茶店,3.42,https://tabelog.com/ishikawa/A1701/A170101/17000858/dtlrvwlst/,227,5954人,"￥8,000～￥9,999","￥2,000～￥2,999",https://tabelog.com/ishikawa/A1701/A170101/17000858/dtlrvwlst/B524380988/,初めての金箔アイス！！,"初めての金箔アイス食べましたが、シンプルにクリームとスコーンが美味しかったです。
              
              星
              ...",https://tabelog.com/rvwr/013331199/,tkt0819(325)
すとっく,https://tabelog.com/ishikawa/A1701/A170101/17002898/,行った,保存," 金沢市 / カフェ・喫茶店(喫茶店)
            ",カフェ・喫茶店,3.10,https://tabelog.com/ishikawa/A1701/A170101/17002898/dtlrvwlst/,10,57人,-,～￥999,https://tabelog.com/ishikawa/A1701/A170101/17002898/dtlrvwlst/B512921751/,最強コスパの定食,"密かに気になっていたお店。
              ちょっと入るのに勇気がいりますが、思い切って入ってみました。
              ...",https://tabelog.com/rvwr/008497618/,snail64286(734)
薬屋カフェ,https://tabelog.com/ishikawa/A1701/A170101/17010648/,行った,保存," 金沢市 / カフェ・喫茶店(喫茶店)、薬膳
            ",カフェ・喫茶店,3.08,https://tabelog.com/ishikawa/A1701/A170101/17010648/dtlrvwlst/,14,274人,-,"￥1,000～￥1,999",https://tabelog.com/ishikawa/A1701/A170101/17010648/dtlrvwlst/B484260589/,ノスタルジックなビルにあるカフェ,"歴史的建造物の感じが漂うビルにある「野町薬屋カフェ」というドア。
              どうしてもきになって入って...",https://tabelog.com/rvwr/022540384/,9dfc023014(2309)
BANKERS STREET CAFE  ALL DAY DINING,https://tabelog.com/ishikawa/A1701/A170101/17011426/,行った,保存," 金沢市 / カフェ・喫茶店(カフェ)、レストラン
            ",カフェ・喫茶店,3.19,https://tabelog.com/ishikawa/A1701/A170101/17011426/dtlrvwlst/,52,1391人,-,"￥1,000～￥1,999",,,"ザ、スクエアホテル1階にあるレストランです。
              食べたのは朝食のみです。
              初めて宿泊したホテ...",https://tabelog.com/rvwr/020784477/,てるきちくん0702(19)
おいしいいっぷく鏑木,https://tabelog.com/ishikawa/A1701/A170101/17000400/,行った,保存," 金沢市 / 日本料理、カフェ・喫茶店(喫茶店)
            ",カフェ・喫茶店,3.29,https://tabelog.com/ishikawa/A1701/A170101/17000400/dtlrvwlst/,69,2094人,"￥5,000～￥5,999","￥1,000～￥1,999",https://tabelog.com/ishikawa/A1701/A170101/17000400/dtlrvwlst/B197527714/,15年ぶりの訪問❗️,"武家屋敷街を散策中に、15年ぶりに訪問。
              カフェとして利用。
              入り口は変わらないものの、カ...",https://tabelog.com/rvwr/001707884/,jboy0927(2762)
サンニコラ 香林坊店,https://tabelog.com/ishikawa/A1701/A170101/17000675/,行った,保存," 金沢市 / スイーツ、チョコレート、カフェ・喫茶店(カフェ)
            ",カフェ・喫茶店,3.53,https://tabelog.com/ishikawa/A1701/A170101/17000675/dtlrvwlst/,205,7231人,～￥999,"￥1,000～￥1,999",https://tabelog.com/ishikawa/A1701/A170101/17000675/dtlrvwlst/B495998858/,チョコレート系に強いパティスリー‼︎,"◆訪問時点の情報 
              食べログ  3.54
              
              ◆お店について
              こちらのお店はチョコレート...",https://tabelog.com/rvwr/003592118/,グルメウォーカー時々旅行(3268)
スターバックスコーヒー 金沢藤江店,https://tabelog.com/ishikawa/A1701/A170101/17013286/,行った,保存," 金沢市 / カフェ・喫茶店(カフェ)
            ",カフェ・喫茶店,3.04,https://tabelog.com/ishikawa/A1701/A170101/17013286/dtlrvwlst/,17,57人,-,～￥999,https://tabelog.com/ishikawa/A1701/A170101/17013286/dtlrvwlst/B483720952/,比較的いつも空いている穴場のスタバ,"スターバックス藤江店は比較的すいており入りやすいのが嬉しいポイント。
              近くの鞍月店はたびたび...",https://tabelog.com/rvwr/003344908/,ちゃろろん1213(1531)
ジャーマンベーカリー 片町店,https://tabelog.com/ishikawa/A1701/A170101/17001364/,行った,保存," 金沢市 / パン、サンドイッチ、カフェ・喫茶店(カフェ)
            ",カフェ・喫茶店,3.07,https://tabelog.com/ishikawa/A1701/A170101/17001364/dtlrvwlst/,89,722人,-,～￥999,https://tabelog.com/ishikawa/A1701/A170101/17001364/dtlrvwlst/B491901343/,夜の繁華街で朝食を食べる,片町は夜の繁華街の側面が強いのか、朝食を食べれるようなお店があまり見つかりませんでした。そんな...,https://tabelog.com/rvwr/23marinos/,マリノスくん(942)
久連波,https://tabelog.com/ishikawa/A1701/A170101/17000663/,行った,保存," 金沢市 / カフェ・喫茶店(カフェ)、和菓子、かき氷
            ",カフェ・喫茶店,3.60,https://tabelog.com/ishikawa/A1701/A170101/17000663/dtlrvwlst/,485,14896人,"￥1,000～￥1,999","￥1,000～￥1,999",https://tabelog.com/ishikawa/A1701/A170101/17000663/dtlrvwlst/B516644512/,座敷で頂く絶品菓子,"茶房と加賀友禅の着物レンタルが利用できます。
              今回は茶房目的です。
              
              1Fと2Fがあり、...",https://tabelog.com/rvwr/4171122/,Ｍ＋Ｋ(3357)
L'HEURE BLEUE,https://tabelog.com/ishikawa/A1701/A170101/17015014/,行った,保存," 金沢市 / カフェ・喫茶店(カフェ)、スイーツ
            ",カフェ・喫茶店,3.19,https://tabelog.com/ishikawa/A1701/A170101/17015014/dtlrvwlst/,19,478人,-,-,,,"カフェラテ550円。
              3種のベリータルト600円。
              人気の夜カフェ。
              デートに、夜ご飯食...",https://tabelog.com/rvwr/021673309/,キタログ(251)
スターバックスコーヒー 金沢Rinto西口店,https://tabelog.com/ishikawa/A1701/A170101/17012293/,行った,保存," 金沢市 / カフェ・喫茶店(カフェ)
            ",カフェ・喫茶店,3.18,https://tabelog.com/ishikawa/A1701/A170101/17012293/dtlrvwlst/,103,414人,～￥999,～￥999,https://tabelog.com/ishikawa/A1701/A170101/17012293/dtlrvwlst/B524788511/,安定,金沢駅の高架下に位置する「スターバックス コーヒー 金沢Rinto西口店」へ。駅直結の利便性と...,https://tabelog.com/rvwr/001249971/,CosCos(583)
寳勝寺カフェ,https://tabelog.com/ishikawa/A1701/A170101/17009337/,行った,保存," 金沢市 / カフェ・喫茶店(カフェ)
            ",カフェ・喫茶店,3.08,https://tabelog.com/ishikawa/A1701/A170101/17009337/dtlrvwlst/,23,329人,-,"￥1,000～￥1,999",,,"【寳勝寺カフェ】
              
              澄み切った空にお香の香り。蝉時雨と畳の匂い。
              全てが心地よきすぎる空...",https://tabelog.com/rvwr/018160749/,食べ丸ログ男(101)
月の砂漠,https://tabelog.com/ishikawa/A1701/A170101/17010444/,行った,保存," 金沢市 / カフェ・喫茶店(カフェ)、居酒屋
            ",カフェ・喫茶店,3.14,https://tabelog.com/ishikawa/A1701/A170101/17010444/dtlrvwlst/,12,272人,-,～￥999,https://tabelog.com/ishikawa/A1701/A170101/17010444/dtlrvwlst/B517090172/,オムライスとドリアのお店,金大の近くにオムライスとドリアの美味しいお店があるということで、食べてみたくて訪問しました。 ...,https://tabelog.com/rvwr/008497618/,snail64286(734)
コーヒー豆専門店 キャラバンサライ 本店,https://tabelog.com/ishikawa/A1701/A170101/17001542/,行った,保存," 金沢市 / 洋菓子、カフェ・喫茶店(カフェ)
            ",カフェ・喫茶店,3.03,https://tabelog.com/ishikawa/A1701/A170101/17001542/dtlrvwlst/,10,83人,-,～￥999,,,#キャラバンサライ【#コーヒーパフェ¥900】#石川県#金沢市保古#カフェ#喫茶店#純喫茶#食...,https://tabelog.com/rvwr/oji/,おうじ(1023)
カフェぶどうの森 金沢エムザ店,https://tabelog.com/ishikawa/A1701/A170101/17005495/,行った,保存," 金沢市 / フレンチ、カフェ・喫茶店(カフェ)、ケーキ
            ",カフェ・喫茶店,3.09,https://tabelog.com/ishikawa/A1701/A170101/17005495/dtlrvwlst/,35,241人,-,"￥1,000～￥1,999",https://tabelog.com/ishikawa/A1701/A170101/17005495/dtlrvwlst/B507906446/,生ビールとソーセージポスターな誘われて\(//∇//)\,"金沢を　ぶらぶら夫婦旅行( ◠‿◠ )
              娘は修学旅行、夫婦は2人で旅行〜
              
              金沢城公園の...",https://tabelog.com/rvwr/010052852/,ヒデ123456789(248)
KUPPI,https://tabelog.com/ishikawa/A1701/A170101/17005537/,行った,保存," 金沢市 / カフェ・喫茶店(カフェ)、カフェ・喫茶店(喫茶店)、カフェ・喫茶店(パンケーキ)
            ",カフェ・喫茶店,3.23,https://tabelog.com/ishikawa/A1701/A170101/17005537/dtlrvwlst/,69,4046人,～￥999,～￥999,https://tabelog.com/ishikawa/A1701/A170101/17005537/dtlrvwlst/B505499154/,スパイスティーでほっと一息,"ディナー前にもう一軒。
              
              以前もお茶でお伺いしチャイを戴き印象でしたので再訪しました。
              ...",https://tabelog.com/rvwr/005550479/,ヒング(1655)
SOLO,https://tabelog.com/ishikawa/A1701/A170101/17006387/,行った,保存," 金沢市 / バー、カフェ・喫茶店(カフェ)
            ",カフェ・喫茶店,3.54,https://tabelog.com/ishikawa/A1701/A170101/17006387/dtlrvwlst/,121,6871人,"￥4,000～￥4,999","￥1,000～￥1,999",https://tabelog.com/ishikawa/A1701/A170101/17006387/dtlrvwlst/B510414728/,落ち着く空気感と美味しいコーヒー✿,"レビュー800件目。
              かなりのスローペース&amp;レビューも時間をまたいでの投稿となり、申...",https://tabelog.com/rvwr/004265246/,♡yuririn♡(865)
ミスタードーナツ 金沢武蔵ショップ,https://tabelog.com/ishikawa/A1701/A170101/17008089/,行った,保存," 金沢市 / カフェ・喫茶店(カフェ)、ドーナツ
            ",カフェ・喫茶店,3.05,https://tabelog.com/ishikawa/A1701/A170101/17008089/dtlrvwlst/,34,121人,-,～￥999,https://tabelog.com/ishikawa/A1701/A170101/17008089/dtlrvwlst/B530664197/,バス停前のオアシス,サクッと食事済ませたくて初めてミスドの汁そばにトライ。欲しかったパイなど売り切れで、いつものド...,https://tabelog.com/rvwr/012640531/,hachico000012(305)
CUBBY HOLE,https://tabelog.com/ishikawa/A1701/A170101/17013786/,行った,保存," 金沢市 / カフェ・喫茶店(カフェ)、バー
            ",カフェ・喫茶店,3.09,https://tabelog.com/ishikawa/A1701/A170101/17013786/dtlrvwlst/,19,424人,-,～￥999,,,"え〜〜めちゃ良い！
              メルボルンのコーヒー屋さんみたいで良すぎる
              入った瞬間のコーヒーの匂い...",https://tabelog.com/rvwr/011968732/,SN59(267)
POP BY COFFEE,https://tabelog.com/ishikawa/A1701/A170101/17013136/,行った,保存," 金沢市 / カフェ・喫茶店(カフェ)
            ",カフェ・喫茶店,3.24,https://tabelog.com/ishikawa/A1701/A170101/17013136/dtlrvwlst/,30,1440人,-,～￥999,https://tabelog.com/ishikawa/A1701/A170101/17013136/dtlrvwlst/B442490019/,中央通町にあるカフェ,"一階をリノベーションしています。大きな窓や鏡があり空間が広く感じます。
              アイスカフェラテ：サ...",https://tabelog.com/rvwr/000394245/,回転地獄五輪スペシャル(186)
Mott.,https://tabelog.com/ishikawa/A1701/A170101/17014981/,行った,保存," 金沢市 / カフェ・喫茶店(カフェ)、スイーツ、バー
            ",カフェ・喫茶店,3.19,https://tabelog.com/ishikawa/A1701/A170101/17014981/dtlrvwlst/,38,723人,"￥1,000～￥1,999",-,https://tabelog.com/ishikawa/A1701/A170101/17014981/dtlrvwlst/B530544231/,金沢片町で出会う大人の夜パフェ。,店内は落ち着いた照明と上品な空間が広がり、夜のカフェタイムにぴったり。今回は「白桃パフェ」と「...,https://tabelog.com/rvwr/004421417/,ジャックグルメ(178)
カスケイド ラウンジ,https://tabelog.com/ishikawa/A1701/A170101/17005372/,行った,保存," 金沢市 / カフェ・喫茶店(カフェ)、スイーツ
            ",カフェ・喫茶店,3.17,https://tabelog.com/ishikawa/A1701/A170101/17005372/dtlrvwlst/,33,328人,-,"￥2,000～￥2,999",https://tabelog.com/ishikawa/A1701/A170101/17005372/dtlrvwlst/B458215848/,充実ビュッフェは恐ろしい・・・,"ANAクラウンプラザホテル金沢のカスケイドラウンジは宿泊者の朝食会場になっています。
              
              手...",https://tabelog.com/rvwr/caddy22/,食べるポンポコリン(2860)
金沢20世紀カフェ 喫茶 おあしす,https://tabelog.com/ishikawa/A1701/A170101/17002853/,行った,保存," 金沢市 / カフェ・喫茶店(喫茶店)
            ",カフェ・喫茶店,3.08,https://tabelog.com/ishikawa/A1701/A170101/17002853/dtlrvwlst/,16,152人,-,～￥999,https://tabelog.com/ishikawa/A1701/A170101/17002853/dtlrvwlst/B524887449/,３月に続き訪問です♪,"甘味が食べたい気分の【兼六園】散策でした
              で　軽めのランチは此方の「山菜ピラフ」
              妻と単品...",https://tabelog.com/rvwr/024145757/,食欲の人(320)
gemutlich,https://tabelog.com/ishikawa/A1701/A170101/17013201/,行った,保存," 金沢市 / カフェ・喫茶店(カフェ)、ドイツ料理、パン
            ",カフェ・喫茶店,3.19,https://tabelog.com/ishikawa/A1701/A170101/17013201/dtlrvwlst/,16,402人,-,"￥1,000～￥1,999",https://tabelog.com/ishikawa/A1701/A170101/17013201/dtlrvwlst/B519298643/,ドイツ人が作るドイツパンのお店,"ブレックファーストで利用しました。
              
              ドイツの本場の味が楽しめるとのことで、朝から満足です...",https://tabelog.com/rvwr/shimashige/,shimashige(345)
コライトコーヒー,https://tabelog.com/ishikawa/A1701/A170101/17014621/,行った,保存," 金沢市 / カフェ・喫茶店(カフェ)
            ",カフェ・喫茶店,3.19,https://tabelog.com/ishikawa/A1701/A170101/17014621/dtlrvwlst/,39,663人,-,～￥999,,,"夜カフェで訪問しました。
              
              少し遅めの時間に行ったのでスイーツは全て売り切れてて少し残念で...",https://tabelog.com/rvwr/030523461/,00350486643(35)
波結,https://tabelog.com/ishikawa/A1701/A170101/17010252/,行った,保存," 金沢市 / カフェ・喫茶店(カフェ)
            ",カフェ・喫茶店,3.38,https://tabelog.com/ishikawa/A1701/A170101/17010252/dtlrvwlst/,143,3122人,-,"￥1,000～￥1,999",https://tabelog.com/ishikawa/A1701/A170101/17010252/dtlrvwlst/B513649790/,ひがし茶屋街を眺められるカフェ,北陸鉄道バス・西日本JRバス 橋場町バス停下車、北鉄金沢駅から徒歩15分『波結』に初訪問しまし...,https://tabelog.com/rvwr/012340873/,ようへい食べ歩き(2449)
ハグ ミトン ワークス,https://tabelog.com/ishikawa/A1701/A170101/17006637/,行った,保存," 金沢市 / カフェ・喫茶店(カフェ)、ベーグル、洋菓子
            ",カフェ・喫茶店,3.27,https://tabelog.com/ishikawa/A1701/A170101/17006637/dtlrvwlst/,83,2985人,-,"￥1,000～￥1,999",https://tabelog.com/ishikawa/A1701/A170101/17006637/dtlrvwlst/B481988146/,金沢市の美味しいベーグル,"美味しいベーグル
              を求めてやって来ました
              オシャレな外観
              よもぎベーコンチーズのベーグル...",https://tabelog.com/rvwr/011293075/,卍kzhr卍(577)
